t,rss_a_kb,rss_b_kb,rss_r_kb,height_a,pending_a
1788764167,8352,9460,7564,1,1
1788764169,40660,43500,21264,2,551
1788764171,69816,70788,43980,4,746
1788764173,95580,96656,63436,5,1167
1788764175,121936,121672,100424,6,1000
1788764177,82696,188632,159772,8,600
1788764179,133456,147008,170752,8,600
1788764182,153956,166600,203752,9,400
1788764184,177060,177528,125064,10,200
1788764186,188908,288132,147164,11,0
1788764188,188916,288132,147180,11,0
1788764190,188928,288132,147180,11,0
1788764192,188936,288132,147180,11,0
1788764194,188956,288132,147184,11,0
1788764196,188968,288132,147184,11,0
1788764198,188984,288132,147184,11,0
1788764200,189000,288132,147196,11,0
1788764202,189016,288132,147200,11,0
1788764204,189036,288132,147200,11,0
1788764206,189052,288132,147200,11,0
1788764208,189064,288132,147200,11,0
1788764210,189080,157648,147200,11,0
1788764213,189096,157648,147212,11,0
1788764215,189112,157648,147232,11,0
1788764217,189132,157648,147252,11,0
1788764219,189148,157648,147272,11,0
1788764221,189160,157648,147296,11,0
1788764223,189176,157648,147320,11,0
1788764225,154944,157652,147340,11,0
1788764227,154948,157652,147360,11,0
1788764229,154948,157652,147384,11,0
1788764231,154948,157652,147404,11,0
1788764233,154948,157652,147424,11,0
1788764235,154948,157652,147448,11,0
1788764237,154948,157652,147472,11,0
1788764239,154948,157652,147496,11,0
1788764241,154948,157652,147516,11,0
1788764244,154948,157652,147560,11,0
1788764246,154948,157652,147580,11,0
1788764248,154948,157652,147600,11,0
1788764250,154948,157652,147624,11,0
1788764252,154948,157656,147644,11,0
1788764254,154956,157660,147668,11,0
1788764256,154956,157660,147688,11,0
1788764258,154956,157660,147712,11,0
1788764260,154960,157664,147732,11,0
1788764262,154960,157664,111064,11,0
1788764264,154960,157664,111064,11,0
1788764266,154960,157664,111064,11,0
1788764268,154960,157668,111064,11,0
1788764270,154964,157668,111064,11,0
1788764272,154968,157668,111064,11,0
1788764274,154968,157668,111064,11,0
1788764276,154968,157668,111064,11,0
1788764279,154968,157668,111064,11,0
1788764281,154968,157668,111064,11,0
1788764283,154984,157672,111064,11,0
1788764285,154984,157676,111064,11,0
1788764287,154984,157676,111064,11,0
1788764289,154984,157676,111064,11,0
1788764291,154984,157676,111064,11,0
1788764293,154988,157676,111064,11,0
1788764295,154988,157676,111064,11,0
1788764297,154988,157676,111064,11,0
1788764299,154988,157676,111064,11,0
1788764301,154988,157680,111064,11,0
1788764303,154988,157680,111064,11,0
1788764305,154992,157680,111064,11,0
1788764307,154992,157680,111064,11,0
1788764309,154992,157680,111064,11,0
1788764311,154992,157680,111064,11,0
1788764313,154996,157684,111064,11,0
1788764315,155004,157688,111064,11,0
1788764318,155004,157688,111064,11,0
1788764320,155004,157688,111064,11,0
1788764322,155004,157688,111064,11,0
1788764324,155004,157688,111064,11,0
1788764326,155008,157688,111064,11,0
1788764328,155008,157688,111064,11,0
1788764330,155008,157688,111064,11,0
1788764332,155008,157692,111064,11,0
1788764334,155008,157692,111064,11,0
1788764336,155008,157692,111064,11,0
1788764338,155012,157692,111064,11,0
1788764340,155012,157692,111064,11,0
1788764342,155012,157692,111064,11,0
1788764344,155016,157696,111068,11,0
1788764346,155016,157700,111068,11,0
1788764348,155020,157704,111068,11,0
1788764350,155020,157704,111068,11,0
1788764352,155020,157704,111068,11,0
1788764355,155020,157704,111068,11,0
1788764357,155024,157704,111068,11,0
1788764359,155024,157704,111076,11,0
1788764361,155028,157704,111076,11,0
1788764363,155028,157704,111076,11,0
1788764365,155028,157708,111076,11,0
1788764367,155028,157708,111076,11,0
1788764369,155028,157708,111076,11,0
1788764371,155028,157708,111080,11,0
1788764373,155036,157712,111080,11,0
1788764375,155036,157712,111080,11,0
1788764377,155036,157712,111080,11,0
1788764379,155036,157712,111080,11,0
1788764381,155036,157716,111080,11,0
1788764383,155040,157716,111084,11,0
1788764385,155040,157716,111084,11,0
1788764387,155040,157716,111084,11,0
1788764389,155040,157720,111084,11,0
1788764392,155040,157720,111084,11,0
1788764394,155040,157720,111084,11,0
1788764396,155040,157724,111088,11,0
1788764398,155040,157724,111088,11,0
1788764400,155044,157724,111088,11,0
1788764402,155044,157724,111092,11,0
1788764404,155048,157728,111092,11,0
1788764406,155048,157728,111092,11,0
1788764408,155048,157728,111096,11,0
1788764410,155048,157728,111096,11,0
1788764412,155048,157732,111096,11,0
1788764414,155048,157732,111096,11,0
1788764416,155048,157732,111096,11,0
1788764418,155048,157732,111096,11,0
1788764420,155048,157732,111096,11,0
1788764422,155048,157732,111100,11,0
1788764424,155048,157732,111100,11,0
1788764426,155048,157732,111100,11,0
1788764429,155048,157736,111100,11,0
1788764431,155048,157740,111100,11,0
1788764433,155052,157744,111112,11,0
1788764435,155052,157744,111112,11,0
1788764437,155052,157744,111112,11,0
1788764439,155052,157744,111112,11,0
1788764441,155052,157744,111116,11,0
1788764443,155056,157744,111120,11,0
1788764445,155056,157744,111120,11,0
1788764447,155056,157744,111120,11,0
1788764449,155056,157744,111124,11,0
1788764451,155056,157744,111124,11,0
1788764453,155056,157744,111124,11,0
1788764455,155056,157744,111124,11,0
1788764457,155056,157744,111128,11,0
1788764460,155056,157744,111132,11,0
1788764462,155056,157744,111140,11,0
1788764464,155060,157748,111148,11,0
1788764466,155060,157748,111152,11,0
1788764468,155060,157748,111152,11,0
1788764470,155060,157748,111156,11,0
1788764472,155060,157748,111156,11,0
1788764474,155060,157752,111156,11,0
1788764476,155060,157752,111160,11,0
1788764478,155060,157752,111164,11,0
1788764480,155060,157752,111164,11,0
1788764482,155060,157752,111176,11,0
1788764484,155060,157752,111180,11,0
1788764486,155064,157752,111196,11,0
1788764488,155064,157752,111204,11,0
1788764490,155064,157752,111204,11,0
1788764493,155064,157756,111208,11,0
1788764495,155068,157756,111220,11,0
1788764497,155068,157756,111236,11,0
1788764499,155068,157756,111252,11,0
1788764501,155068,157756,111264,11,0
1788764503,155068,157756,111284,11,0
1788764505,155068,157756,111292,11,0
1788764507,155068,157756,111304,11,0
1788764509,155068,157756,111312,11,0
1788764511,155068,157756,111324,11,0
1788764513,155068,157756,111336,11,0
1788764515,155068,157756,111352,11,0
1788764517,155068,157760,111360,11,0
1788764519,155068,157760,111380,11,0
1788764521,155068,157760,111392,11,0
1788764523,155072,157764,111408,11,0
1788764525,155072,157764,111420,11,0
1788764528,155072,157764,111432,11,0
1788764530,155076,157764,111464,11,0
1788764532,155076,157764,111480,11,0
1788764534,155076,157764,111496,11,0
1788764536,155076,157764,111512,11,0
1788764538,155076,157764,111524,11,0
1788764540,155076,157764,111532,11,0
1788764542,155076,157764,111544,11,0
1788764544,155076,157764,111556,11,0
1788764546,155076,157764,111572,11,0
1788764548,155076,157764,111588,11,0
1788764550,155076,157764,111600,11,0
1788764552,155076,157764,111612,11,0
1788764554,155080,157768,111624,11,0
1788764556,155080,157768,111648,11,0
1788764558,155080,157768,111672,11,0
1788764560,155080,157772,111700,11,0
1788764562,155080,157772,111728,11,0
1788764565,155080,157772,111748,11,0
1788764567,155080,157772,111776,11,0
1788764569,155080,157772,111804,11,0
1788764571,155084,157772,111832,11,0
1788764573,155084,157772,111856,11,0
1788764575,155084,157772,111880,11,0
1788764577,155084,157772,111904,11,0
1788764579,155084,157772,111928,11,0
1788764581,155084,157772,111952,11,0
1788764583,155088,157776,111980,11,0
1788764585,155088,157776,112004,11,0
1788764587,155088,157776,112028,11,0
1788764589,155088,157776,112052,11,0
1788764591,155088,157776,112076,11,0
1788764593,155088,157776,112100,11,0
1788764595,155088,157776,112124,11,0
1788764597,155088,157776,112148,11,0
1788764599,155088,157776,112172,11,0
1788764601,155088,157780,112196,11,0
1788764604,155088,157780,112232,11,0
1788764606,155088,157780,112272,11,0
1788764608,155088,157780,112296,11,0
1788764610,155088,157780,112320,11,0
1788764612,155088,157780,112344,11,0
1788764614,155096,157784,112372,11,0
1788764616,155096,157784,112400,11,0
1788764618,155096,157784,112424,11,0
1788764620,155096,157784,112448,11,0
1788764622,155096,157784,112476,11,0
1788764624,155096,157784,112496,11,0
1788764626,155096,157784,112520,11,0
1788764628,155096,157784,112544,11,0
1788764630,155096,157784,112568,11,0
1788764632,155096,157784,112592,11,0
1788764634,155096,157784,112616,11,0
1788764636,155096,157784,112644,11,0
1788764638,155096,157784,112668,11,0
1788764640,155096,157784,112692,11,0
1788764643,155100,157788,112720,11,0
1788764645,155100,157792,112740,11,0
1788764647,155100,157792,112764,11,0
1788764649,155100,157792,112788,11,0
1788764651,155100,157792,112816,11,0
1788764653,155100,157792,112840,11,0
1788764655,155100,157792,112864,11,0
1788764657,155104,157792,112892,11,0
1788764659,155104,157792,112916,11,0
1788764661,155104,157792,112940,11,0
1788764663,155104,157792,112968,11,0
1788764665,155104,157792,112988,11,0
1788764667,155104,157792,113012,11,0
1788764669,155104,157792,113036,11,0
1788764671,155104,157792,113064,11,0
1788764673,155108,157796,113088,11,0
1788764675,155108,157796,113112,11,0
1788764678,155108,157796,113136,11,0
1788764680,155108,157796,113184,11,0
1788764682,155108,157796,113212,11,0
1788764684,155108,157796,113232,11,0
1788764686,155108,157796,113260,11,0
1788764688,155108,157800,113284,11,0
1788764690,155108,157800,113308,11,0
1788764692,155108,157800,113332,11,0
1788764694,155108,157800,113356,11,0
1788764696,155108,157800,113380,11,0
1788764698,155108,157800,113404,11,0
1788764700,155112,157800,113432,11,0
1788764702,155112,157800,113460,11,0
1788764704,155116,157804,113484,11,0
1788764706,155116,157804,113508,11,0
1788764708,155116,157804,113532,11,0
1788764710,155116,157804,113556,11,0
1788764712,155116,157804,113580,11,0
1788764714,155116,157804,113604,11,0
1788764716,155116,157808,113628,11,0
1788764719,155116,157808,113652,11,0
1788764721,155116,157808,113676,11,0
1788764723,155116,157808,113708,11,0
1788764725,155116,157808,113728,11,0
1788764727,155116,157808,113752,11,0
1788764729,155116,157812,113776,11,0
1788764731,155116,157812,113800,11,0
1788764733,155120,157820,113824,11,0
1788764735,155120,157820,113860,11,0
1788764737,155120,157820,113888,11,0
1788764739,155120,157820,113912,11,0
1788764741,155124,157820,113940,11,0
1788764743,155124,157820,113968,11,0
1788764745,155124,157820,113992,11,0
1788764748,155124,157824,114020,11,0
1788764750,155124,157824,114064,11,0
1788764752,155124,157824,114088,11,0
1788764754,155124,157824,114112,11,0
1788764756,155124,157824,114140,11,0
1788764758,155124,157824,114164,11,0
1788764760,155124,157824,114188,11,0
1788764762,155124,157828,114212,11,0
1788764764,155128,157832,114236,11,0
1788764766,155128,157832,114260,11,0
1788764768,155128,157832,114284,11,0
1788764770,155128,157832,114312,11,0
1788764772,155128,157836,114336,11,0
1788764774,155128,157836,114360,11,0
1788764776,155128,157836,114384,11,0
1788764779,155128,157840,114408,11,0
1788764781,155128,157840,114432,11,0
1788764783,155128,157840,114456,11,0
1788764785,155132,157840,114484,11,0
1788764787,155132,157840,114508,11,0
1788764789,155132,157840,114532,11,0
1788764791,155132,157840,114560,11,0
1788764793,155136,157844,114584,11,0
1788764795,155136,157848,114608,11,0
1788764797,155136,157848,114632,11,0
1788764799,155136,157848,114656,11,0
1788764801,155136,157848,114680,11,0
1788764803,155136,157848,114704,11,0
1788764805,155136,157848,114732,11,0
1788764807,155136,157848,114756,11,0
1788764810,155136,157848,114780,11,0
1788764812,155136,157852,114804,11,0
1788764814,155136,157852,114852,11,0
1788764816,155136,157856,114876,11,0
1788764818,155136,157856,114900,11,0
1788764820,155136,157856,114924,11,0
